Temp,Prev Temp,Dummy,Pipe Node,Soil Modulus (E_soil),Pressure at Node,Spring Stiffness,Burst Occurred
-7,-11,,"[-50.0, -1.27, -1.27]",680000000,544848000,10000000,1
-7,-11,,"[50.0, -1.27, -1.27]",680000000,544848000,10000000,1
-7,-11,,"[50.0, 1.27, -1.27]",680000000,544848000,10000000,1
-7,-11,,"[-50.0, 1.27, -1.27]",680000000,544848000,10000000,1
-7,-11,,"[-50.0, -1.27, 1.27]",680000000,544848000,10000000,1
-7,-11,,"[50.0, -1.27, 1.27]",680000000,544848000,10000000,1
-7,-11,,"[50.0, 1.27, 1.27]",680000000,544848000,10000000,1
-7,-11,,"[-50.0, 1.27, 1.27]",680000000,544848000,10000000,1
-9,-1,,"[-50.0, -1.27, -1.27]",760000000,539304000,10000000,1
-9,-1,,"[50.0, -1.27, -1.27]",760000000,539304000,10000000,1
-9,-1,,"[50.0, 1.27, -1.27]",760000000,539304000,10000000,1
-9,-1,,"[-50.0, 1.27, -1.27]",760000000,539304000,10000000,1
-9,-1,,"[-50.0, -1.27, 1.27]",760000000,539304000,10000000,1
-9,-1,,"[50.0, -1.27, 1.27]",760000000,539304000,10000000,1
-9,-1,,"[50.0, 1.27, 1.27]",760000000,539304000,10000000,1
-9,-1,,"[-50.0, 1.27, 1.27]",760000000,539304000,10000000,1
-5,0,,"[-50.0, -1.27, -1.27]",600000000,540690000,10000000,1
-5,0,,"[50.0, -1.27, -1.27]",600000000,540690000,10000000,1
-5,0,,"[50.0, 1.27, -1.27]",600000000,540690000,10000000,1
-5,0,,"[-50.0, 1.27, -1.27]",600000000,540690000,10000000,1
-5,0,,"[-50.0, -1.27, 1.27]",600000000,540690000,10000000,1
-5,0,,"[50.0, -1.27, 1.27]",600000000,540690000,10000000,1
-5,0,,"[50.0, 1.27, 1.27]",600000000,540690000,10000000,1
-5,0,,"[-50.0, 1.27, 1.27]",600000000,540690000,10000000,1
0,5,,"[-50.0, -1.27, -1.27]",400000000,342690000,10000000,0
0,5,,"[50.0, -1.27, -1.27]",400000000,342690000,10000000,0
0,5,,"[50.0, 1.27, -1.27]",400000000,342690000,10000000,0
0,5,,"[-50.0, 1.27, -1.27]",400000000,342690000,10000000,0
0,5,,"[-50.0, -1.27, 1.27]",400000000,342690000,10000000,0
0,5,,"[50.0, -1.27, 1.27]",400000000,342690000,10000000,0
0,5,,"[50.0, 1.27, 1.27]",400000000,342690000,10000000,0
0,5,,"[-50.0, 1.27, 1.27]",400000000,342690000,10000000,0
5,10,,"[-50.0, -1.27, -1.27]",200000000,342690000,10000000,0
5,10,,"[50.0, -1.27, -1.27]",200000000,342690000,10000000,0
5,10,,"[50.0, 1.27, -1.27]",200000000,342690000,10000000,0
5,10,,"[-50.0, 1.27, -1.27]",200000000,342690000,10000000,0
5,10,,"[-50.0, -1.27, 1.27]",200000000,342690000,10000000,0
5,10,,"[50.0, -1.27, 1.27]",200000000,342690000,10000000,0
5,10,,"[50.0, 1.27, 1.27]",200000000,342690000,10000000,0
5,10,,"[-50.0, 1.27, 1.27]",200000000,342690000,10000000,0
10,15,,"[-50.0, -1.27, -1.27]",100000000,342690000,10000000,0
10,15,,"[50.0, -1.27, -1.27]",100000000,342690000,10000000,0
10,15,,"[50.0, 1.27, -1.27]",100000000,342690000,10000000,0
10,15,,"[-50.0, 1.27, -1.27]",100000000,342690000,10000000,0
10,15,,"[-50.0, -1.27, 1.27]",100000000,342690000,10000000,0
10,15,,"[50.0, -1.27, 1.27]",100000000,342690000,10000000,0
10,15,,"[50.0, 1.27, 1.27]",100000000,342690000,10000000,0
10,15,,"[-50.0, 1.27, 1.27]",100000000,342690000,10000000,0
15,17,,"[-50.0, -1.27, -1.27]",75000000,344076000,10000000,0
15,17,,"[50.0, -1.27, -1.27]",75000000,344076000,10000000,0
15,17,,"[50.0, 1.27, -1.27]",75000000,344076000,10000000,0
15,17,,"[-50.0, 1.27, -1.27]",75000000,344076000,10000000,0
15,17,,"[-50.0, -1.27, 1.27]",75000000,344076000,10000000,0
15,17,,"[50.0, -1.27, 1.27]",75000000,344076000,10000000,0
15,17,,"[50.0, 1.27, 1.27]",75000000,344076000,10000000,0
15,17,,"[-50.0, 1.27, 1.27]",75000000,344076000,10000000,0
20,20,,"[-50.0, -1.27, -1.27]",50000000,345000000,10000000,0
20,20,,"[50.0, -1.27, -1.27]",50000000,345000000,10000000,0
20,20,,"[50.0, 1.27, -1.27]",50000000,345000000,10000000,0
20,20,,"[-50.0, 1.27, -1.27]",50000000,345000000,10000000,0
20,20,,"[-50.0, -1.27, 1.27]",50000000,345000000,10000000,0
20,20,,"[50.0, -1.27, 1.27]",50000000,345000000,10000000,0
20,20,,"[50.0, 1.27, 1.27]",50000000,345000000,10000000,0
20,20,,"[-50.0, 1.27, 1.27]",50000000,345000000,10000000,0
25,25,,"[-50.0, -1.27, -1.27]",50000000,345000000,10000000,0
25,25,,"[50.0, -1.27, -1.27]",50000000,345000000,10000000,0
25,25,,"[50.0, 1.27, -1.27]",50000000,345000000,10000000,0
25,25,,"[-50.0, 1.27, -1.27]",50000000,345000000,10000000,0
25,25,,"[-50.0, -1.27, 1.27]",50000000,345000000,10000000,0
25,25,,"[50.0, -1.27, 1.27]",50000000,345000000,10000000,0
25,25,,"[50.0, 1.27, 1.27]",50000000,345000000,10000000,0
25,25,,"[-50.0, 1.27, 1.27]",50000000,345000000,10000000,0
30,-5,,"[-50.0, -1.27, -1.27]",50000000,541755000,10000000,1
30,-5,,"[50.0, -1.27, -1.27]",50000000,541755000,10000000,1
30,-5,,"[50.0, 1.27, -1.27]",50000000,541755000,10000000,1
30,-5,,"[-50.0, 1.27, -1.27]",50000000,541755000,10000000,1
30,-5,,"[-50.0, -1.27, 1.27]",50000000,541755000,10000000,1
30,-5,,"[50.0, -1.27, 1.27]",50000000,541755000,10000000,1
30,-5,,"[50.0, 1.27, 1.27]",50000000,541755000,10000000,1
30,-5,,"[-50.0, 1.27, 1.27]",50000000,541755000,10000000,1
-10,0,,"[-50.0, -1.27, -1.27]",800000000,538380000,10000000,1
-10,0,,"[50.0, -1.27, -1.27]",800000000,538380000,10000000,1
-10,0,,"[50.0, 1.27, -1.27]",800000000,538380000,10000000,1
-10,0,,"[-50.0, 1.27, -1.27]",800000000,538380000,10000000,1
-10,0,,"[-50.0, -1.27, 1.27]",800000000,538380000,10000000,1
-10,0,,"[50.0, -1.27, 1.27]",800000000,538380000,10000000,1
-10,0,,"[50.0, 1.27, 1.27]",800000000,538380000,10000000,1
-10,0,,"[-50.0, 1.27, 1.27]",800000000,538380000,10000000,1
-5,3,,"[-50.0, -1.27, -1.27]",600000000,539304000,10000000,1
-5,3,,"[50.0, -1.27, -1.27]",600000000,539304000,10000000,1
-5,3,,"[50.0, 1.27, -1.27]",600000000,539304000,10000000,1
-5,3,,"[-50.0, 1.27, -1.27]",600000000,539304000,10000000,1
-5,3,,"[-50.0, -1.27, 1.27]",600000000,539304000,10000000,1
-5,3,,"[50.0, -1.27, 1.27]",600000000,539304000,10000000,1
-5,3,,"[50.0, 1.27, 1.27]",600000000,539304000,10000000,1
-5,3,,"[-50.0, 1.27, 1.27]",600000000,539304000,10000000,1
0,5,,"[-50.0, -1.27, -1.27]",400000000,342690000,10000000,0
0,5,,"[50.0, -1.27, -1.27]",400000000,342690000,10000000,0
0,5,,"[50.0, 1.27, -1.27]",400000000,342690000,10000000,0
0,5,,"[-50.0, 1.27, -1.27]",400000000,342690000,10000000,0
0,5,,"[-50.0, -1.27, 1.27]",400000000,342690000,10000000,0
0,5,,"[50.0, -1.27, 1.27]",400000000,342690000,10000000,0
0,5,,"[50.0, 1.27, 1.27]",400000000,342690000,10000000,0
0,5,,"[-50.0, 1.27, 1.27]",400000000,342690000,10000000,0
5,10,,"[-50.0, -1.27, -1.27]",200000000,342690000,10000000,0
5,10,,"[50.0, -1.27, -1.27]",200000000,342690000,10000000,0
5,10,,"[50.0, 1.27, -1.27]",200000000,342690000,10000000,0
5,10,,"[-50.0, 1.27, -1.27]",200000000,342690000,10000000,0
5,10,,"[-50.0, -1.27, 1.27]",200000000,342690000,10000000,0
5,10,,"[50.0, -1.27, 1.27]",200000000,342690000,10000000,0
5,10,,"[50.0, 1.27, 1.27]",200000000,342690000,10000000,0
5,10,,"[-50.0, 1.27, 1.27]",200000000,342690000,10000000,0
10,15,,"[-50.0, -1.27, -1.27]",100000000,342690000,10000000,0
10,15,,"[50.0, -1.27, -1.27]",100000000,342690000,10000000,0
10,15,,"[50.0, 1.27, -1.27]",100000000,342690000,10000000,0
10,15,,"[-50.0, 1.27, -1.27]",100000000,342690000,10000000,0
10,15,,"[-50.0, -1.27, 1.27]",100000000,342690000,10000000,0
10,15,,"[50.0, -1.27, 1.27]",100000000,342690000,10000000,0
10,15,,"[50.0, 1.27, 1.27]",100000000,342690000,10000000,0
10,15,,"[-50.0, 1.27, 1.27]",100000000,342690000,10000000,0
15,20,,"[-50.0, -1.27, -1.27]",75000000,342690000,10000000,0
15,20,,"[50.0, -1.27, -1.27]",75000000,342690000,10000000,0
15,20,,"[50.0, 1.27, -1.27]",75000000,342690000,10000000,0
15,20,,"[-50.0, 1.27, -1.27]",75000000,342690000,10000000,0
15,20,,"[-50.0, -1.27, 1.27]",75000000,342690000,10000000,0
15,20,,"[50.0, -1.27, 1.27]",75000000,342690000,10000000,0
15,20,,"[50.0, 1.27, 1.27]",75000000,342690000,10000000,0
15,20,,"[-50.0, 1.27, 1.27]",75000000,342690000,10000000,0
20,25,,"[-50.0, -1.27, -1.27]",50000000,342690000,10000000,0
20,25,,"[50.0, -1.27, -1.27]",50000000,342690000,10000000,0
20,25,,"[50.0, 1.27, -1.27]",50000000,342690000,10000000,0
20,25,,"[-50.0, 1.27, -1.27]",50000000,342690000,10000000,0
20,25,,"[-50.0, -1.27, 1.27]",50000000,342690000,10000000,0
20,25,,"[50.0, -1.27, 1.27]",50000000,342690000,10000000,0
20,25,,"[50.0, 1.27, 1.27]",50000000,342690000,10000000,0
20,25,,"[-50.0, 1.27, 1.27]",50000000,342690000,10000000,0
25,30,,"[-50.0, -1.27, -1.27]",50000000,342690000,10000000,0
25,30,,"[50.0, -1.27, -1.27]",50000000,342690000,10000000,0
25,30,,"[50.0, 1.27, -1.27]",50000000,342690000,10000000,0
25,30,,"[-50.0, 1.27, -1.27]",50000000,342690000,10000000,0
25,30,,"[-50.0, -1.27, 1.27]",50000000,342690000,10000000,0
25,30,,"[50.0, -1.27, 1.27]",50000000,342690000,10000000,0
25,30,,"[50.0, 1.27, 1.27]",50000000,342690000,10000000,0
25,30,,"[-50.0, 1.27, 1.27]",50000000,342690000,10000000,0
30,35,,"[-50.0, -1.27, -1.27]",50000000,342690000,10000000,0
30,35,,"[50.0, -1.27, -1.27]",50000000,342690000,10000000,0
30,35,,"[50.0, 1.27, -1.27]",50000000,342690000,10000000,0
30,35,,"[-50.0, 1.27, -1.27]",50000000,342690000,10000000,0
30,35,,"[-50.0, -1.27, 1.27]",50000000,342690000,10000000,0
30,35,,"[50.0, -1.27, 1.27]",50000000,342690000,10000000,0
30,35,,"[50.0, 1.27, 1.27]",50000000,342690000,10000000,0
30,35,,"[-50.0, 1.27, 1.27]",50000000,342690000,10000000,0
35,27,,"[-50.0, -1.27, -1.27]",50000000,348696000,10000000,1
35,27,,"[50.0, -1.27, -1.27]",50000000,348696000,10000000,1
35,27,,"[50.0, 1.27, -1.27]",50000000,348696000,10000000,1
35,27,,"[-50.0, 1.27, -1.27]",50000000,348696000,10000000,1
35,27,,"[-50.0, -1.27, 1.27]",50000000,348696000,10000000,1
35,27,,"[50.0, -1.27, 1.27]",50000000,348696000,10000000,1
35,27,,"[50.0, 1.27, 1.27]",50000000,348696000,10000000,1
35,27,,"[-50.0, 1.27, 1.27]",50000000,348696000,10000000,1
40,31,,"[-50.0, -1.27, -1.27]",50000000,349158000,10000000,1
40,31,,"[50.0, -1.27, -1.27]",50000000,349158000,10000000,1
40,31,,"[50.0, 1.27, -1.27]",50000000,349158000,10000000,1
40,31,,"[-50.0, 1.27, -1.27]",50000000,349158000,10000000,1
40,31,,"[-50.0, -1.27, 1.27]",50000000,349158000,10000000,1
40,31,,"[50.0, -1.27, 1.27]",50000000,349158000,10000000,1
40,31,,"[50.0, 1.27, 1.27]",50000000,349158000,10000000,1
40,31,,"[-50.0, 1.27, 1.27]",50000000,349158000,10000000,1
45,40,,"[-50.0, -1.27, -1.27]",50000000,347310000,10000000,1
45,40,,"[50.0, -1.27, -1.27]",50000000,347310000,10000000,1
45,40,,"[50.0, 1.27, -1.27]",50000000,347310000,10000000,1
45,40,,"[-50.0, 1.27, -1.27]",50000000,347310000,10000000,1
45,40,,"[-50.0, -1.27, 1.27]",50000000,347310000,10000000,1
45,40,,"[50.0, -1.27, 1.27]",50000000,347310000,10000000,1
45,40,,"[50.0, 1.27, 1.27]",50000000,347310000,10000000,1
45,40,,"[-50.0, 1.27, 1.27]",50000000,347310000,10000000,1
24,5,,"[-50.0, -1.27, -1.27]",50000000,353778000,10000000,1
24,5,,"[50.0, -1.27, -1.27]",50000000,353778000,10000000,1
24,5,,"[50.0, 1.27, -1.27]",50000000,353778000,10000000,1
24,5,,"[-50.0, 1.27, -1.27]",50000000,353778000,10000000,1
24,5,,"[-50.0, -1.27, 1.27]",50000000,353778000,10000000,1
24,5,,"[50.0, -1.27, 1.27]",50000000,353778000,10000000,1
24,5,,"[50.0, 1.27, 1.27]",50000000,353778000,10000000,1
24,5,,"[-50.0, 1.27, 1.27]",50000000,353778000,10000000,1
22,4,,"[-50.0, -1.27, -1.27]",50000000,353316000,10000000,1
22,4,,"[50.0, -1.27, -1.27]",50000000,353316000,10000000,1
22,4,,"[50.0, 1.27, -1.27]",50000000,353316000,10000000,1
22,4,,"[-50.0, 1.27, -1.27]",50000000,353316000,10000000,1
22,4,,"[-50.0, -1.27, 1.27]",50000000,353316000,10000000,1
22,4,,"[50.0, -1.27, 1.27]",50000000,353316000,10000000,1
22,4,,"[50.0, 1.27, 1.27]",50000000,353316000,10000000,1
22,4,,"[-50.0, 1.27, 1.27]",50000000,353316000,10000000,1
-15,3,,"[-50.0, -1.27, -1.27]",900000000,534684000,10000000,1
-15,3,,"[50.0, -1.27, -1.27]",900000000,534684000,10000000,1
-15,3,,"[50.0, 1.27, -1.27]",900000000,534684000,10000000,1
-15,3,,"[-50.0, 1.27, -1.27]",900000000,534684000,10000000,1
-15,3,,"[-50.0, -1.27, 1.27]",900000000,534684000,10000000,1
-15,3,,"[50.0, -1.27, 1.27]",900000000,534684000,10000000,1
-15,3,,"[50.0, 1.27, 1.27]",900000000,534684000,10000000,1
-15,3,,"[-50.0, 1.27, 1.27]",900000000,534684000,10000000,1
27,43,,"[-50.0, -1.27, -1.27]",50000000,337608000,10000000,0
27,43,,"[50.0, -1.27, -1.27]",50000000,337608000,10000000,0
27,43,,"[50.0, 1.27, -1.27]",50000000,337608000,10000000,0
27,43,,"[-50.0, 1.27, -1.27]",50000000,337608000,10000000,0
27,43,,"[-50.0, -1.27, 1.27]",50000000,337608000,10000000,0
27,43,,"[50.0, -1.27, 1.27]",50000000,337608000,10000000,0
27,43,,"[50.0, 1.27, 1.27]",50000000,337608000,10000000,0
27,43,,"[-50.0, 1.27, 1.27]",50000000,337608000,10000000,0
38,23,,"[-50.0, -1.27, -1.27]",50000000,351930000,10000000,1
38,23,,"[50.0, -1.27, -1.27]",50000000,351930000,10000000,1
38,23,,"[50.0, 1.27, -1.27]",50000000,351930000,10000000,1
38,23,,"[-50.0, 1.27, -1.27]",50000000,351930000,10000000,1
38,23,,"[-50.0, -1.27, 1.27]",50000000,351930000,10000000,1
38,23,,"[50.0, -1.27, 1.27]",50000000,351930000,10000000,1
38,23,,"[50.0, 1.27, 1.27]",50000000,351930000,10000000,1
38,23,,"[-50.0, 1.27, 1.27]",50000000,351930000,10000000,1
23,2,,"[-50.0, -1.27, -1.27]",50000000,354702000,10000000,1
23,2,,"[50.0, -1.27, -1.27]",50000000,354702000,10000000,1
23,2,,"[50.0, 1.27, -1.27]",50000000,354702000,10000000,1
23,2,,"[-50.0, 1.27, -1.27]",50000000,354702000,10000000,1
23,2,,"[-50.0, -1.27, 1.27]",50000000,354702000,10000000,1
23,2,,"[50.0, -1.27, 1.27]",50000000,354702000,10000000,1
23,2,,"[50.0, 1.27, 1.27]",50000000,354702000,10000000,1
23,2,,"[-50.0, 1.27, 1.27]",50000000,354702000,10000000,1
33,-6,,"[-50.0, -1.27, -1.27]",50000000,544527000,10000000,1
33,-6,,"[50.0, -1.27, -1.27]",50000000,544527000,10000000,1
33,-6,,"[50.0, 1.27, -1.27]",50000000,544527000,10000000,1
33,-6,,"[-50.0, 1.27, -1.27]",50000000,544527000,10000000,1
33,-6,,"[-50.0, -1.27, 1.27]",50000000,544527000,10000000,1
33,-6,,"[50.0, -1.27, 1.27]",50000000,544527000,10000000,1
33,-6,,"[50.0, 1.27, 1.27]",50000000,544527000,10000000,1
33,-6,,"[-50.0, 1.27, 1.27]",50000000,544527000,10000000,1
5,-14,,"[-50.0, -1.27, -1.27]",200000000,530667000,10000000,1
5,-14,,"[50.0, -1.27, -1.27]",200000000,530667000,10000000,1
5,-14,,"[50.0, 1.27, -1.27]",200000000,530667000,10000000,1
5,-14,,"[-50.0, 1.27, -1.27]",200000000,530667000,10000000,1
5,-14,,"[-50.0, -1.27, 1.27]",200000000,530667000,10000000,1
5,-14,,"[50.0, -1.27, 1.27]",200000000,530667000,10000000,1
5,-14,,"[50.0, 1.27, 1.27]",200000000,530667000,10000000,1
5,-14,,"[-50.0, 1.27, 1.27]",200000000,530667000,10000000,1
25,-11,,"[-50.0, -1.27, -1.27]",50000000,542448000,10000000,1
25,-11,,"[50.0, -1.27, -1.27]",50000000,542448000,10000000,1
25,-11,,"[50.0, 1.27, -1.27]",50000000,542448000,10000000,1
25,-11,,"[-50.0, 1.27, -1.27]",50000000,542448000,10000000,1
25,-11,,"[-50.0, -1.27, 1.27]",50000000,542448000,10000000,1
25,-11,,"[50.0, -1.27, 1.27]",50000000,542448000,10000000,1
25,-11,,"[50.0, 1.27, 1.27]",50000000,542448000,10000000,1
25,-11,,"[-50.0, 1.27, 1.27]",50000000,542448000,10000000,1
-7,8,,"[-50.0, -1.27, -1.27]",680000000,536070000,10000000,1
-7,8,,"[50.0, -1.27, -1.27]",680000000,536070000,10000000,1
-7,8,,"[50.0, 1.27, -1.27]",680000000,536070000,10000000,1
-7,8,,"[-50.0, 1.27, -1.27]",680000000,536070000,10000000,1
-7,8,,"[-50.0, -1.27, 1.27]",680000000,536070000,10000000,1
-7,8,,"[50.0, -1.27, 1.27]",680000000,536070000,10000000,1
-7,8,,"[50.0, 1.27, 1.27]",680000000,536070000,10000000,1
-7,8,,"[-50.0, 1.27, 1.27]",680000000,536070000,10000000,1
-15,8,,"[-50.0, -1.27, -1.27]",900000000,532374000,10000000,1
-15,8,,"[50.0, -1.27, -1.27]",900000000,532374000,10000000,1
-15,8,,"[50.0, 1.27, -1.27]",900000000,532374000,10000000,1
-15,8,,"[-50.0, 1.27, -1.27]",900000000,532374000,10000000,1
-15,8,,"[-50.0, -1.27, 1.27]",900000000,532374000,10000000,1
-15,8,,"[50.0, -1.27, 1.27]",900000000,532374000,10000000,1
-15,8,,"[50.0, 1.27, 1.27]",900000000,532374000,10000000,1
-15,8,,"[-50.0, 1.27, 1.27]",900000000,532374000,10000000,1
30,-9,,"[-50.0, -1.27, -1.27]",50000000,544527000,10000000,1
30,-9,,"[50.0, -1.27, -1.27]",50000000,544527000,10000000,1
30,-9,,"[50.0, 1.27, -1.27]",50000000,544527000,10000000,1
30,-9,,"[-50.0, 1.27, -1.27]",50000000,544527000,10000000,1
30,-9,,"[-50.0, -1.27, 1.27]",50000000,544527000,10000000,1
30,-9,,"[50.0, -1.27, 1.27]",50000000,544527000,10000000,1
30,-9,,"[50.0, 1.27, 1.27]",50000000,544527000,10000000,1
30,-9,,"[-50.0, 1.27, 1.27]",50000000,544527000,10000000,1
10,-12,,"[-50.0, -1.27, -1.27]",100000000,532746000,10000000,1
10,-12,,"[50.0, -1.27, -1.27]",100000000,532746000,10000000,1
10,-12,,"[50.0, 1.27, -1.27]",100000000,532746000,10000000,1
10,-12,,"[-50.0, 1.27, -1.27]",100000000,532746000,10000000,1
10,-12,,"[-50.0, -1.27, 1.27]",100000000,532746000,10000000,1
10,-12,,"[50.0, -1.27, 1.27]",100000000,532746000,10000000,1
10,-12,,"[50.0, 1.27, 1.27]",100000000,532746000,10000000,1
10,-12,,"[-50.0, 1.27, 1.27]",100000000,532746000,10000000,1
-6,-3,,"[-50.0, -1.27, -1.27]",640000000,541614000,10000000,1
-6,-3,,"[50.0, -1.27, -1.27]",640000000,541614000,10000000,1
-6,-3,,"[50.0, 1.27, -1.27]",640000000,541614000,10000000,1
-6,-3,,"[-50.0, 1.27, -1.27]",640000000,541614000,10000000,1
-6,-3,,"[-50.0, -1.27, 1.27]",640000000,541614000,10000000,1
-6,-3,,"[50.0, -1.27, 1.27]",640000000,541614000,10000000,1
-6,-3,,"[50.0, 1.27, 1.27]",640000000,541614000,10000000,1
-6,-3,,"[-50.0, 1.27, 1.27]",640000000,541614000,10000000,1
0,-6,,"[-50.0, -1.27, -1.27]",400000000,521658000,10000000,1
0,-6,,"[50.0, -1.27, -1.27]",400000000,521658000,10000000,1
0,-6,,"[50.0, 1.27, -1.27]",400000000,521658000,10000000,1
0,-6,,"[-50.0, 1.27, -1.27]",400000000,521658000,10000000,1
0,-6,,"[-50.0, -1.27, 1.27]",400000000,521658000,10000000,1
0,-6,,"[50.0, -1.27, 1.27]",400000000,521658000,10000000,1
0,-6,,"[50.0, 1.27, 1.27]",400000000,521658000,10000000,1
0,-6,,"[-50.0, 1.27, 1.27]",400000000,521658000,10000000,1
-8,15,,"[-50.0, -1.27, -1.27]",720000000,532374000,10000000,1
-8,15,,"[50.0, -1.27, -1.27]",720000000,532374000,10000000,1
-8,15,,"[50.0, 1.27, -1.27]",720000000,532374000,10000000,1
-8,15,,"[-50.0, 1.27, -1.27]",720000000,532374000,10000000,1
-8,15,,"[-50.0, -1.27, 1.27]",720000000,532374000,10000000,1
-8,15,,"[50.0, -1.27, 1.27]",720000000,532374000,10000000,1
-8,15,,"[50.0, 1.27, 1.27]",720000000,532374000,10000000,1
-8,15,,"[-50.0, 1.27, 1.27]",720000000,532374000,10000000,1
0,0,,"[-50.0, -1.27, -1.27]",400000000,345000000,10000000,0
0,0,,"[50.0, -1.27, -1.27]",400000000,345000000,10000000,0
0,0,,"[50.0, 1.27, -1.27]",400000000,345000000,10000000,0
0,0,,"[-50.0, 1.27, -1.27]",400000000,345000000,10000000,0
0,0,,"[-50.0, -1.27, 1.27]",400000000,345000000,10000000,0
0,0,,"[50.0, -1.27, 1.27]",400000000,345000000,10000000,0
0,0,,"[50.0, 1.27, 1.27]",400000000,345000000,10000000,0
0,0,,"[-50.0, 1.27, 1.27]",400000000,345000000,10000000,0
-11,22,,"[-50.0, -1.27, -1.27]",820000000,527754000,10000000,1
-11,22,,"[50.0, -1.27, -1.27]",820000000,527754000,10000000,1
-11,22,,"[50.0, 1.27, -1.27]",820000000,527754000,10000000,1
-11,22,,"[-50.0, 1.27, -1.27]",820000000,527754000,10000000,1
-11,22,,"[-50.0, -1.27, 1.27]",820000000,527754000,10000000,1
-11,22,,"[50.0, -1.27, 1.27]",820000000,527754000,10000000,1
-11,22,,"[50.0, 1.27, 1.27]",820000000,527754000,10000000,1
-11,22,,"[-50.0, 1.27, 1.27]",820000000,527754000,10000000,1
42,25,,"[-50.0, -1.27, -1.27]",50000000,352854000,10000000,1
42,25,,"[50.0, -1.27, -1.27]",50000000,352854000,10000000,1
42,25,,"[50.0, 1.27, -1.27]",50000000,352854000,10000000,1
42,25,,"[-50.0, 1.27, -1.27]",50000000,352854000,10000000,1
42,25,,"[-50.0, -1.27, 1.27]",50000000,352854000,10000000,1
42,25,,"[50.0, -1.27, 1.27]",50000000,352854000,10000000,1
42,25,,"[50.0, 1.27, 1.27]",50000000,352854000,10000000,1
42,25,,"[-50.0, 1.27, 1.27]",50000000,352854000,10000000,1
-12,38,,"[-50.0, -1.27, -1.27]",840000000,519900000,10000000,1
-12,38,,"[50.0, -1.27, -1.27]",840000000,519900000,10000000,1
-12,38,,"[50.0, 1.27, -1.27]",840000000,519900000,10000000,1
-12,38,,"[-50.0, 1.27, -1.27]",840000000,519900000,10000000,1
-12,38,,"[-50.0, -1.27, 1.27]",840000000,519900000,10000000,1
-12,38,,"[50.0, -1.27, 1.27]",840000000,519900000,10000000,1
-12,38,,"[50.0, 1.27, 1.27]",840000000,519900000,10000000,1
-12,38,,"[-50.0, 1.27, 1.27]",840000000,519900000,10000000,1
-13,33,,"[-50.0, -1.27, -1.27]",860000000,521748000,10000000,1
-13,33,,"[50.0, -1.27, -1.27]",860000000,521748000,10000000,1
-13,33,,"[50.0, 1.27, -1.27]",860000000,521748000,10000000,1
-13,33,,"[-50.0, 1.27, -1.27]",860000000,521748000,10000000,1
-13,33,,"[-50.0, -1.27, 1.27]",860000000,521748000,10000000,1
-13,33,,"[50.0, -1.27, 1.27]",860000000,521748000,10000000,1
-13,33,,"[50.0, 1.27, 1.27]",860000000,521748000,10000000,1
-13,33,,"[-50.0, 1.27, 1.27]",860000000,521748000,10000000,1
34,25,,"[-50.0, -1.27, -1.27]",50000000,349158000,10000000,1
34,25,,"[50.0, -1.27, -1.27]",50000000,349158000,10000000,1
34,25,,"[50.0, 1.27, -1.27]",50000000,349158000,10000000,1
34,25,,"[-50.0, 1.27, -1.27]",50000000,349158000,10000000,1
34,25,,"[-50.0, -1.27, 1.27]",50000000,349158000,10000000,1
34,25,,"[50.0, -1.27, 1.27]",50000000,349158000,10000000,1
34,25,,"[50.0, 1.27, 1.27]",50000000,349158000,10000000,1
34,25,,"[-50.0, 1.27, 1.27]",50000000,349158000,10000000,1
38,28,,"[-50.0, -1.27, -1.27]",50000000,349620000,10000000,1
38,28,,"[50.0, -1.27, -1.27]",50000000,349620000,10000000,1
38,28,,"[50.0, 1.27, -1.27]",50000000,349620000,10000000,1
38,28,,"[-50.0, 1.27, -1.27]",50000000,349620000,10000000,1
38,28,,"[-50.0, -1.27, 1.27]",50000000,349620000,10000000,1
38,28,,"[50.0, -1.27, 1.27]",50000000,349620000,10000000,1
38,28,,"[50.0, 1.27, 1.27]",50000000,349620000,10000000,1
38,28,,"[-50.0, 1.27, 1.27]",50000000,349620000,10000000,1
-15,-1,,"[-50.0, -1.27, -1.27]",900000000,536532000,10000000,1
-15,-1,,"[50.0, -1.27, -1.27]",900000000,536532000,10000000,1
-15,-1,,"[50.0, 1.27, -1.27]",900000000,536532000,10000000,1
-15,-1,,"[-50.0, 1.27, -1.27]",900000000,536532000,10000000,1
-15,-1,,"[-50.0, -1.27, 1.27]",900000000,536532000,10000000,1
-15,-1,,"[50.0, -1.27, 1.27]",900000000,536532000,10000000,1
-15,-1,,"[50.0, 1.27, 1.27]",900000000,536532000,10000000,1
-15,-1,,"[-50.0, 1.27, 1.27]",900000000,536532000,10000000,1
24,41,,"[-50.0, -1.27, -1.27]",50000000,337146000,10000000,0
24,41,,"[50.0, -1.27, -1.27]",50000000,337146000,10000000,0
24,41,,"[50.0, 1.27, -1.27]",50000000,337146000,10000000,0
24,41,,"[-50.0, 1.27, -1.27]",50000000,337146000,10000000,0
24,41,,"[-50.0, -1.27, 1.27]",50000000,337146000,10000000,0
24,41,,"[50.0, -1.27, 1.27]",50000000,337146000,10000000,0
24,41,,"[50.0, 1.27, 1.27]",50000000,337146000,10000000,0
24,41,,"[-50.0, 1.27, 1.27]",50000000,337146000,10000000,0
5,19,,"[-50.0, -1.27, -1.27]",200000000,338532000,10000000,0
5,19,,"[50.0, -1.27, -1.27]",200000000,338532000,10000000,0
5,19,,"[50.0, 1.27, -1.27]",200000000,338532000,10000000,0
5,19,,"[-50.0, 1.27, -1.27]",200000000,338532000,10000000,0
5,19,,"[-50.0, -1.27, 1.27]",200000000,338532000,10000000,0
5,19,,"[50.0, -1.27, 1.27]",200000000,338532000,10000000,0
5,19,,"[50.0, 1.27, 1.27]",200000000,338532000,10000000,0
5,19,,"[-50.0, 1.27, 1.27]",200000000,338532000,10000000,0
33,29,,"[-50.0, -1.27, -1.27]",50000000,346848000,10000000,1
33,29,,"[50.0, -1.27, -1.27]",50000000,346848000,10000000,1
33,29,,"[50.0, 1.27, -1.27]",50000000,346848000,10000000,1
33,29,,"[-50.0, 1.27, -1.27]",50000000,346848000,10000000,1
33,29,,"[-50.0, -1.27, 1.27]",50000000,346848000,10000000,1
33,29,,"[50.0, -1.27, 1.27]",50000000,346848000,10000000,1
33,29,,"[50.0, 1.27, 1.27]",50000000,346848000,10000000,1
33,29,,"[-50.0, 1.27, 1.27]",50000000,346848000,10000000,1
49,26,,"[-50.0, -1.27, -1.27]",50000000,355626000,10000000,1
49,26,,"[50.0, -1.27, -1.27]",50000000,355626000,10000000,1
49,26,,"[50.0, 1.27, -1.27]",50000000,355626000,10000000,1
49,26,,"[-50.0, 1.27, -1.27]",50000000,355626000,10000000,1
49,26,,"[-50.0, -1.27, 1.27]",50000000,355626000,10000000,1
49,26,,"[50.0, -1.27, 1.27]",50000000,355626000,10000000,1
49,26,,"[50.0, 1.27, 1.27]",50000000,355626000,10000000,1
49,26,,"[-50.0, 1.27, 1.27]",50000000,355626000,10000000,1
18,10,,"[-50.0, -1.27, -1.27]",60000000,348696000,10000000,1
18,10,,"[50.0, -1.27, -1.27]",60000000,348696000,10000000,1
18,10,,"[50.0, 1.27, -1.27]",60000000,348696000,10000000,1
18,10,,"[-50.0, 1.27, -1.27]",60000000,348696000,10000000,1
18,10,,"[-50.0, -1.27, 1.27]",60000000,348696000,10000000,1
18,10,,"[50.0, -1.27, 1.27]",60000000,348696000,10000000,1
18,10,,"[50.0, 1.27, 1.27]",60000000,348696000,10000000,1
18,10,,"[-50.0, 1.27, 1.27]",60000000,348696000,10000000,1
-12,35,,"[-50.0, -1.27, -1.27]",840000000,521286000,10000000,1
-12,35,,"[50.0, -1.27, -1.27]",840000000,521286000,10000000,1
-12,35,,"[50.0, 1.27, -1.27]",840000000,521286000,10000000,1
-12,35,,"[-50.0, 1.27, -1.27]",840000000,521286000,10000000,1
-12,35,,"[-50.0, -1.27, 1.27]",840000000,521286000,10000000,1
-12,35,,"[50.0, -1.27, 1.27]",840000000,521286000,10000000,1
-12,35,,"[50.0, 1.27, 1.27]",840000000,521286000,10000000,1
-12,35,,"[-50.0, 1.27, 1.27]",840000000,521286000,10000000,1
9,45,,"[-50.0, -1.27, -1.27]",120000000,328368000,10000000,0
9,45,,"[50.0, -1.27, -1.27]",120000000,328368000,10000000,0
9,45,,"[50.0, 1.27, -1.27]",120000000,328368000,10000000,0
9,45,,"[-50.0, 1.27, -1.27]",120000000,328368000,10000000,0
9,45,,"[-50.0, -1.27, 1.27]",120000000,328368000,10000000,0
9,45,,"[50.0, -1.27, 1.27]",120000000,328368000,10000000,0
9,45,,"[50.0, 1.27, 1.27]",120000000,328368000,10000000,0
9,45,,"[-50.0, 1.27, 1.27]",120000000,328368000,10000000,0
24,10,,"[-50.0, -1.27, -1.27]",50000000,351468000,10000000,1
24,10,,"[50.0, -1.27, -1.27]",50000000,351468000,10000000,1
24,10,,"[50.0, 1.27, -1.27]",50000000,351468000,10000000,1
24,10,,"[-50.0, 1.27, -1.27]",50000000,351468000,10000000,1
24,10,,"[-50.0, -1.27, 1.27]",50000000,351468000,10000000,1
24,10,,"[50.0, -1.27, 1.27]",50000000,351468000,10000000,1
24,10,,"[50.0, 1.27, 1.27]",50000000,351468000,10000000,1
24,10,,"[-50.0, 1.27, 1.27]",50000000,351468000,10000000,1
-8,0,,"[-50.0, -1.27, -1.27]",720000000,539304000,10000000,1
-8,0,,"[50.0, -1.27, -1.27]",720000000,539304000,10000000,1
-8,0,,"[50.0, 1.27, -1.27]",720000000,539304000,10000000,1
-8,0,,"[-50.0, 1.27, -1.27]",720000000,539304000,10000000,1
-8,0,,"[-50.0, -1.27, 1.27]",720000000,539304000,10000000,1
-8,0,,"[50.0, -1.27, 1.27]",720000000,539304000,10000000,1
-8,0,,"[50.0, 1.27, 1.27]",720000000,539304000,10000000,1
-8,0,,"[-50.0, 1.27, 1.27]",720000000,539304000,10000000,1
43,33,,"[-50.0, -1.27, -1.27]",50000000,349620000,10000000,1
43,33,,"[50.0, -1.27, -1.27]",50000000,349620000,10000000,1
43,33,,"[50.0, 1.27, -1.27]",50000000,349620000,10000000,1
43,33,,"[-50.0, 1.27, -1.27]",50000000,349620000,10000000,1
43,33,,"[-50.0, -1.27, 1.27]",50000000,349620000,10000000,1
43,33,,"[50.0, -1.27, 1.27]",50000000,349620000,10000000,1
43,33,,"[50.0, 1.27, 1.27]",50000000,349620000,10000000,1
43,33,,"[-50.0, 1.27, 1.27]",50000000,349620000,10000000,1
37,8,,"[-50.0, -1.27, -1.27]",50000000,358398000,10000000,1
37,8,,"[50.0, -1.27, -1.27]",50000000,358398000,10000000,1
37,8,,"[50.0, 1.27, -1.27]",50000000,358398000,10000000,1
37,8,,"[-50.0, 1.27, -1.27]",50000000,358398000,10000000,1
37,8,,"[-50.0, -1.27, 1.27]",50000000,358398000,10000000,1
37,8,,"[50.0, -1.27, 1.27]",50000000,358398000,10000000,1
37,8,,"[50.0, 1.27, 1.27]",50000000,358398000,10000000,1
37,8,,"[-50.0, 1.27, 1.27]",50000000,358398000,10000000,1
10,43,,"[-50.0, -1.27, -1.27]",100000000,329754000,10000000,0
10,43,,"[50.0, -1.27, -1.27]",100000000,329754000,10000000,0
10,43,,"[50.0, 1.27, -1.27]",100000000,329754000,10000000,0
10,43,,"[-50.0, 1.27, -1.27]",100000000,329754000,10000000,0
10,43,,"[-50.0, -1.27, 1.27]",100000000,329754000,10000000,0
10,43,,"[50.0, -1.27, 1.27]",100000000,329754000,10000000,0
10,43,,"[50.0, 1.27, 1.27]",100000000,329754000,10000000,0
10,43,,"[-50.0, 1.27, 1.27]",100000000,329754000,10000000,0
26,5,,"[-50.0, -1.27, -1.27]",50000000,354702000,10000000,1
26,5,,"[50.0, -1.27, -1.27]",50000000,354702000,10000000,1
26,5,,"[50.0, 1.27, -1.27]",50000000,354702000,10000000,1
26,5,,"[-50.0, 1.27, -1.27]",50000000,354702000,10000000,1
26,5,,"[-50.0, -1.27, 1.27]",50000000,354702000,10000000,1
26,5,,"[50.0, -1.27, 1.27]",50000000,354702000,10000000,1
26,5,,"[50.0, 1.27, 1.27]",50000000,354702000,10000000,1
26,5,,"[-50.0, 1.27, 1.27]",50000000,354702000,10000000,1
25,-15,,"[-50.0, -1.27, -1.27]",50000000,545220000,10000000,1
25,-15,,"[50.0, -1.27, -1.27]",50000000,545220000,10000000,1
25,-15,,"[50.0, 1.27, -1.27]",50000000,545220000,10000000,1
25,-15,,"[-50.0, 1.27, -1.27]",50000000,545220000,10000000,1
25,-15,,"[-50.0, -1.27, 1.27]",50000000,545220000,10000000,1
25,-15,,"[50.0, -1.27, 1.27]",50000000,545220000,10000000,1
25,-15,,"[50.0, 1.27, 1.27]",50000000,545220000,10000000,1
25,-15,,"[-50.0, 1.27, 1.27]",50000000,545220000,10000000,1
16,-15,,"[-50.0, -1.27, -1.27]",70000000,538983000,10000000,1
16,-15,,"[50.0, -1.27, -1.27]",70000000,538983000,10000000,1
16,-15,,"[50.0, 1.27, -1.27]",70000000,538983000,10000000,1
16,-15,,"[-50.0, 1.27, -1.27]",70000000,538983000,10000000,1
16,-15,,"[-50.0, -1.27, 1.27]",70000000,538983000,10000000,1
16,-15,,"[50.0, -1.27, 1.27]",70000000,538983000,10000000,1
16,-15,,"[50.0, 1.27, 1.27]",70000000,538983000,10000000,1
16,-15,,"[-50.0, 1.27, 1.27]",70000000,538983000,10000000,1
-5,-9,,"[-50.0, -1.27, -1.27]",600000000,544848000,10000000,1
-5,-9,,"[50.0, -1.27, -1.27]",600000000,544848000,10000000,1
-5,-9,,"[50.0, 1.27, -1.27]",600000000,544848000,10000000,1
-5,-9,,"[-50.0, 1.27, -1.27]",600000000,544848000,10000000,1
-5,-9,,"[-50.0, -1.27, 1.27]",600000000,544848000,10000000,1
-5,-9,,"[50.0, -1.27, 1.27]",600000000,544848000,10000000,1
-5,-9,,"[50.0, 1.27, 1.27]",600000000,544848000,10000000,1
-5,-9,,"[-50.0, 1.27, 1.27]",600000000,544848000,10000000,1
49,30,,"[-50.0, -1.27, -1.27]",50000000,353778000,10000000,1
49,30,,"[50.0, -1.27, -1.27]",50000000,353778000,10000000,1
49,30,,"[50.0, 1.27, -1.27]",50000000,353778000,10000000,1
49,30,,"[-50.0, 1.27, -1.27]",50000000,353778000,10000000,1
49,30,,"[-50.0, -1.27, 1.27]",50000000,353778000,10000000,1
49,30,,"[50.0, -1.27, 1.27]",50000000,353778000,10000000,1
49,30,,"[50.0, 1.27, 1.27]",50000000,353778000,10000000,1
49,30,,"[-50.0, 1.27, 1.27]",50000000,353778000,10000000,1
-11,47,,"[-50.0, -1.27, -1.27]",820000000,516204000,10000000,1
-11,47,,"[50.0, -1.27, -1.27]",820000000,516204000,10000000,1
-11,47,,"[50.0, 1.27, -1.27]",820000000,516204000,10000000,1
-11,47,,"[-50.0, 1.27, -1.27]",820000000,516204000,10000000,1
-11,47,,"[-50.0, -1.27, 1.27]",820000000,516204000,10000000,1
-11,47,,"[50.0, -1.27, 1.27]",820000000,516204000,10000000,1
-11,47,,"[50.0, 1.27, 1.27]",820000000,516204000,10000000,1
-11,47,,"[-50.0, 1.27, 1.27]",820000000,516204000,10000000,1
50,24,,"[-50.0, -1.27, -1.27]",50000000,357012000,10000000,1
50,24,,"[50.0, -1.27, -1.27]",50000000,357012000,10000000,1
50,24,,"[50.0, 1.27, -1.27]",50000000,357012000,10000000,1
50,24,,"[-50.0, 1.27, -1.27]",50000000,357012000,10000000,1
50,24,,"[-50.0, -1.27, 1.27]",50000000,357012000,10000000,1
50,24,,"[50.0, -1.27, 1.27]",50000000,357012000,10000000,1
50,24,,"[50.0, 1.27, 1.27]",50000000,357012000,10000000,1
50,24,,"[-50.0, 1.27, 1.27]",50000000,357012000,10000000,1
-2,50,,"[-50.0, -1.27, -1.27]",480000000,518976000,10000000,1
-2,50,,"[50.0, -1.27, -1.27]",480000000,518976000,10000000,1
-2,50,,"[50.0, 1.27, -1.27]",480000000,518976000,10000000,1
-2,50,,"[-50.0, 1.27, -1.27]",480000000,518976000,10000000,1
-2,50,,"[-50.0, -1.27, 1.27]",480000000,518976000,10000000,1
-2,50,,"[50.0, -1.27, 1.27]",480000000,518976000,10000000,1
-2,50,,"[50.0, 1.27, 1.27]",480000000,518976000,10000000,1
-2,50,,"[-50.0, 1.27, 1.27]",480000000,518976000,10000000,1
38,23,,"[-50.0, -1.27, -1.27]",50000000,351930000,10000000,1
38,23,,"[50.0, -1.27, -1.27]",50000000,351930000,10000000,1
38,23,,"[50.0, 1.27, -1.27]",50000000,351930000,10000000,1
38,23,,"[-50.0, 1.27, -1.27]",50000000,351930000,10000000,1
38,23,,"[-50.0, -1.27, 1.27]",50000000,351930000,10000000,1
38,23,,"[50.0, -1.27, 1.27]",50000000,351930000,10000000,1
38,23,,"[50.0, 1.27, 1.27]",50000000,351930000,10000000,1
38,23,,"[-50.0, 1.27, 1.27]",50000000,351930000,10000000,1
-5,33,,"[-50.0, -1.27, -1.27]",600000000,525444000,10000000,1
-5,33,,"[50.0, -1.27, -1.27]",600000000,525444000,10000000,1
-5,33,,"[50.0, 1.27, -1.27]",600000000,525444000,10000000,1
-5,33,,"[-50.0, 1.27, -1.27]",600000000,525444000,10000000,1
-5,33,,"[-50.0, -1.27, 1.27]",600000000,525444000,10000000,1
-5,33,,"[50.0, -1.27, 1.27]",600000000,525444000,10000000,1
-5,33,,"[50.0, 1.27, 1.27]",600000000,525444000,10000000,1
-5,33,,"[-50.0, 1.27, 1.27]",600000000,525444000,10000000,1
44,23,,"[-50.0, -1.27, -1.27]",50000000,354702000,10000000,1
44,23,,"[50.0, -1.27, -1.27]",50000000,354702000,10000000,1
44,23,,"[50.0, 1.27, -1.27]",50000000,354702000,10000000,1
44,23,,"[-50.0, 1.27, -1.27]",50000000,354702000,10000000,1
44,23,,"[-50.0, -1.27, 1.27]",50000000,354702000,10000000,1
44,23,,"[50.0, -1.27, 1.27]",50000000,354702000,10000000,1
44,23,,"[50.0, 1.27, 1.27]",50000000,354702000,10000000,1
44,23,,"[-50.0, 1.27, 1.27]",50000000,354702000,10000000,1
12,-7,,"[-50.0, -1.27, -1.27]",90000000,530667000,10000000,1
12,-7,,"[50.0, -1.27, -1.27]",90000000,530667000,10000000,1
12,-7,,"[50.0, 1.27, -1.27]",90000000,530667000,10000000,1
12,-7,,"[-50.0, 1.27, -1.27]",90000000,530667000,10000000,1
12,-7,,"[-50.0, -1.27, 1.27]",90000000,530667000,10000000,1
12,-7,,"[50.0, -1.27, 1.27]",90000000,530667000,10000000,1
12,-7,,"[50.0, 1.27, 1.27]",90000000,530667000,10000000,1
12,-7,,"[-50.0, 1.27, 1.27]",90000000,530667000,10000000,1
37,7,,"[-50.0, -1.27, -1.27]",50000000,358860000,10000000,1
37,7,,"[50.0, -1.27, -1.27]",50000000,358860000,10000000,1
37,7,,"[50.0, 1.27, -1.27]",50000000,358860000,10000000,1
37,7,,"[-50.0, 1.27, -1.27]",50000000,358860000,10000000,1
37,7,,"[-50.0, -1.27, 1.27]",50000000,358860000,10000000,1
37,7,,"[50.0, -1.27, 1.27]",50000000,358860000,10000000,1
37,7,,"[50.0, 1.27, 1.27]",50000000,358860000,10000000,1
37,7,,"[-50.0, 1.27, 1.27]",50000000,358860000,10000000,1
0,18,,"[-50.0, -1.27, -1.27]",400000000,336684000,10000000,0
0,18,,"[50.0, -1.27, -1.27]",400000000,336684000,10000000,0
0,18,,"[50.0, 1.27, -1.27]",400000000,336684000,10000000,0
0,18,,"[-50.0, 1.27, -1.27]",400000000,336684000,10000000,0
0,18,,"[-50.0, -1.27, 1.27]",400000000,336684000,10000000,0
0,18,,"[50.0, -1.27, 1.27]",400000000,336684000,10000000,0
0,18,,"[50.0, 1.27, 1.27]",400000000,336684000,10000000,0
0,18,,"[-50.0, 1.27, 1.27]",400000000,336684000,10000000,0
50,13,,"[-50.0, -1.27, -1.27]",50000000,362094000,10000000,1
50,13,,"[50.0, -1.27, -1.27]",50000000,362094000,10000000,1
50,13,,"[50.0, 1.27, -1.27]",50000000,362094000,10000000,1
50,13,,"[-50.0, 1.27, -1.27]",50000000,362094000,10000000,1
50,13,,"[-50.0, -1.27, 1.27]",50000000,362094000,10000000,1
50,13,,"[50.0, -1.27, 1.27]",50000000,362094000,10000000,1
50,13,,"[50.0, 1.27, 1.27]",50000000,362094000,10000000,1
50,13,,"[-50.0, 1.27, 1.27]",50000000,362094000,10000000,1
4,-4,,"[-50.0, -1.27, -1.27]",240000000,523044000,10000000,1
4,-4,,"[50.0, -1.27, -1.27]",240000000,523044000,10000000,1
4,-4,,"[50.0, 1.27, -1.27]",240000000,523044000,10000000,1
4,-4,,"[-50.0, 1.27, -1.27]",240000000,523044000,10000000,1
4,-4,,"[-50.0, -1.27, 1.27]",240000000,523044000,10000000,1
4,-4,,"[50.0, -1.27, 1.27]",240000000,523044000,10000000,1
4,-4,,"[50.0, 1.27, 1.27]",240000000,523044000,10000000,1
4,-4,,"[-50.0, 1.27, 1.27]",240000000,523044000,10000000,1
7,35,,"[-50.0, -1.27, -1.27]",160000000,332064000,10000000,0
7,35,,"[50.0, -1.27, -1.27]",160000000,332064000,10000000,0
7,35,,"[50.0, 1.27, -1.27]",160000000,332064000,10000000,0
7,35,,"[-50.0, 1.27, -1.27]",160000000,332064000,10000000,0
7,35,,"[-50.0, -1.27, 1.27]",160000000,332064000,10000000,0
7,35,,"[50.0, -1.27, 1.27]",160000000,332064000,10000000,0
7,35,,"[50.0, 1.27, 1.27]",160000000,332064000,10000000,0
7,35,,"[-50.0, 1.27, 1.27]",160000000,332064000,10000000,0
-7,7,,"[-50.0, -1.27, -1.27]",680000000,536532000,10000000,1
-7,7,,"[50.0, -1.27, -1.27]",680000000,536532000,10000000,1
-7,7,,"[50.0, 1.27, -1.27]",680000000,536532000,10000000,1
-7,7,,"[-50.0, 1.27, -1.27]",680000000,536532000,10000000,1
-7,7,,"[-50.0, -1.27, 1.27]",680000000,536532000,10000000,1
-7,7,,"[50.0, -1.27, 1.27]",680000000,536532000,10000000,1
-7,7,,"[50.0, 1.27, 1.27]",680000000,536532000,10000000,1
-7,7,,"[-50.0, 1.27, 1.27]",680000000,536532000,10000000,1
13,50,,"[-50.0, -1.27, -1.27]",85000000,327906000,10000000,0
13,50,,"[50.0, -1.27, -1.27]",85000000,327906000,10000000,0
13,50,,"[50.0, 1.27, -1.27]",85000000,327906000,10000000,0
13,50,,"[-50.0, 1.27, -1.27]",85000000,327906000,10000000,0
13,50,,"[-50.0, -1.27, 1.27]",85000000,327906000,10000000,0
13,50,,"[50.0, -1.27, 1.27]",85000000,327906000,10000000,0
13,50,,"[50.0, 1.27, 1.27]",85000000,327906000,10000000,0
13,50,,"[-50.0, 1.27, 1.27]",85000000,327906000,10000000,0
-13,-2,,"[-50.0, -1.27, -1.27]",860000000,537918000,10000000,1
-13,-2,,"[50.0, -1.27, -1.27]",860000000,537918000,10000000,1
-13,-2,,"[50.0, 1.27, -1.27]",860000000,537918000,10000000,1
-13,-2,,"[-50.0, 1.27, -1.27]",860000000,537918000,10000000,1
-13,-2,,"[-50.0, -1.27, 1.27]",860000000,537918000,10000000,1
-13,-2,,"[50.0, -1.27, 1.27]",860000000,537918000,10000000,1
-13,-2,,"[50.0, 1.27, 1.27]",860000000,537918000,10000000,1
-13,-2,,"[-50.0, 1.27, 1.27]",860000000,537918000,10000000,1
41,10,,"[-50.0, -1.27, -1.27]",50000000,359322000,10000000,1
41,10,,"[50.0, -1.27, -1.27]",50000000,359322000,10000000,1
41,10,,"[50.0, 1.27, -1.27]",50000000,359322000,10000000,1
41,10,,"[-50.0, 1.27, -1.27]",50000000,359322000,10000000,1
41,10,,"[-50.0, -1.27, 1.27]",50000000,359322000,10000000,1
41,10,,"[50.0, -1.27, 1.27]",50000000,359322000,10000000,1
41,10,,"[50.0, 1.27, 1.27]",50000000,359322000,10000000,1
41,10,,"[-50.0, 1.27, 1.27]",50000000,359322000,10000000,1
10,18,,"[-50.0, -1.27, -1.27]",100000000,341304000,10000000,0
10,18,,"[50.0, -1.27, -1.27]",100000000,341304000,10000000,0
10,18,,"[50.0, 1.27, -1.27]",100000000,341304000,10000000,0
10,18,,"[-50.0, 1.27, -1.27]",100000000,341304000,10000000,0
10,18,,"[-50.0, -1.27, 1.27]",100000000,341304000,10000000,0
10,18,,"[50.0, -1.27, 1.27]",100000000,341304000,10000000,0
10,18,,"[50.0, 1.27, 1.27]",100000000,341304000,10000000,0
10,18,,"[-50.0, 1.27, 1.27]",100000000,341304000,10000000,0
40,19,,"[-50.0, -1.27, -1.27]",50000000,354702000,10000000,1
40,19,,"[50.0, -1.27, -1.27]",50000000,354702000,10000000,1
40,19,,"[50.0, 1.27, -1.27]",50000000,354702000,10000000,1
40,19,,"[-50.0, 1.27, -1.27]",50000000,354702000,10000000,1
40,19,,"[-50.0, -1.27, 1.27]",50000000,354702000,10000000,1
40,19,,"[50.0, -1.27, 1.27]",50000000,354702000,10000000,1
40,19,,"[50.0, 1.27, 1.27]",50000000,354702000,10000000,1
40,19,,"[-50.0, 1.27, 1.27]",50000000,354702000,10000000,1
42,-13,,"[-50.0, -1.27, -1.27]",50000000,555615000,10000000,1
42,-13,,"[50.0, -1.27, -1.27]",50000000,555615000,10000000,1
42,-13,,"[50.0, 1.27, -1.27]",50000000,555615000,10000000,1
42,-13,,"[-50.0, 1.27, -1.27]",50000000,555615000,10000000,1
42,-13,,"[-50.0, -1.27, 1.27]",50000000,555615000,10000000,1
42,-13,,"[50.0, -1.27, 1.27]",50000000,555615000,10000000,1
42,-13,,"[50.0, 1.27, 1.27]",50000000,555615000,10000000,1
42,-13,,"[-50.0, 1.27, 1.27]",50000000,555615000,10000000,1
9,13,,"[-50.0, -1.27, -1.27]",120000000,343152000,10000000,0
9,13,,"[50.0, -1.27, -1.27]",120000000,343152000,10000000,0
9,13,,"[50.0, 1.27, -1.27]",120000000,343152000,10000000,0
9,13,,"[-50.0, 1.27, -1.27]",120000000,343152000,10000000,0
9,13,,"[-50.0, -1.27, 1.27]",120000000,343152000,10000000,0
9,13,,"[50.0, -1.27, 1.27]",120000000,343152000,10000000,0
9,13,,"[50.0, 1.27, 1.27]",120000000,343152000,10000000,0
9,13,,"[-50.0, 1.27, 1.27]",120000000,343152000,10000000,0
-7,34,,"[-50.0, -1.27, -1.27]",680000000,524058000,10000000,1
-7,34,,"[50.0, -1.27, -1.27]",680000000,524058000,10000000,1
-7,34,,"[50.0, 1.27, -1.27]",680000000,524058000,10000000,1
-7,34,,"[-50.0, 1.27, -1.27]",680000000,524058000,10000000,1
-7,34,,"[-50.0, -1.27, 1.27]",680000000,524058000,10000000,1
-7,34,,"[50.0, -1.27, 1.27]",680000000,524058000,10000000,1
-7,34,,"[50.0, 1.27, 1.27]",680000000,524058000,10000000,1
-7,34,,"[-50.0, 1.27, 1.27]",680000000,524058000,10000000,1
45,23,,"[-50.0, -1.27, -1.27]",50000000,355164000,10000000,1
45,23,,"[50.0, -1.27, -1.27]",50000000,355164000,10000000,1
45,23,,"[50.0, 1.27, -1.27]",50000000,355164000,10000000,1
45,23,,"[-50.0, 1.27, -1.27]",50000000,355164000,10000000,1
45,23,,"[-50.0, -1.27, 1.27]",50000000,355164000,10000000,1
45,23,,"[50.0, -1.27, 1.27]",50000000,355164000,10000000,1
45,23,,"[50.0, 1.27, 1.27]",50000000,355164000,10000000,1
45,23,,"[-50.0, 1.27, 1.27]",50000000,355164000,10000000,1
-12,-11,,"[-50.0, -1.27, -1.27]",840000000,542538000,10000000,1
-12,-11,,"[50.0, -1.27, -1.27]",840000000,542538000,10000000,1
-12,-11,,"[50.0, 1.27, -1.27]",840000000,542538000,10000000,1
-12,-11,,"[-50.0, 1.27, -1.27]",840000000,542538000,10000000,1
-12,-11,,"[-50.0, -1.27, 1.27]",840000000,542538000,10000000,1
-12,-11,,"[50.0, -1.27, 1.27]",840000000,542538000,10000000,1
-12,-11,,"[50.0, 1.27, 1.27]",840000000,542538000,10000000,1
-12,-11,,"[-50.0, 1.27, 1.27]",840000000,542538000,10000000,1
26,49,,"[-50.0, -1.27, -1.27]",50000000,334374000,10000000,0
26,49,,"[50.0, -1.27, -1.27]",50000000,334374000,10000000,0
26,49,,"[50.0, 1.27, -1.27]",50000000,334374000,10000000,0
26,49,,"[-50.0, 1.27, -1.27]",50000000,334374000,10000000,0
26,49,,"[-50.0, -1.27, 1.27]",50000000,334374000,10000000,0
26,49,,"[50.0, -1.27, 1.27]",50000000,334374000,10000000,0
26,49,,"[50.0, 1.27, 1.27]",50000000,334374000,10000000,0
26,49,,"[-50.0, 1.27, 1.27]",50000000,334374000,10000000,0
24,36,,"[-50.0, -1.27, -1.27]",50000000,339456000,10000000,0
24,36,,"[50.0, -1.27, -1.27]",50000000,339456000,10000000,0
24,36,,"[50.0, 1.27, -1.27]",50000000,339456000,10000000,0
24,36,,"[-50.0, 1.27, -1.27]",50000000,339456000,10000000,0
24,36,,"[-50.0, -1.27, 1.27]",50000000,339456000,10000000,0
24,36,,"[50.0, -1.27, 1.27]",50000000,339456000,10000000,0
24,36,,"[50.0, 1.27, 1.27]",50000000,339456000,10000000,0
24,36,,"[-50.0, 1.27, 1.27]",50000000,339456000,10000000,0
-15,-2,,"[-50.0, -1.27, -1.27]",900000000,536994000,10000000,1
-15,-2,,"[50.0, -1.27, -1.27]",900000000,536994000,10000000,1
-15,-2,,"[50.0, 1.27, -1.27]",900000000,536994000,10000000,1
-15,-2,,"[-50.0, 1.27, -1.27]",900000000,536994000,10000000,1
-15,-2,,"[-50.0, -1.27, 1.27]",900000000,536994000,10000000,1
-15,-2,,"[50.0, -1.27, 1.27]",900000000,536994000,10000000,1
-15,-2,,"[50.0, 1.27, 1.27]",900000000,536994000,10000000,1
-15,-2,,"[-50.0, 1.27, 1.27]",900000000,536994000,10000000,1
36,33,,"[-50.0, -1.27, -1.27]",50000000,346386000,10000000,1
36,33,,"[50.0, -1.27, -1.27]",50000000,346386000,10000000,1
36,33,,"[50.0, 1.27, -1.27]",50000000,346386000,10000000,1
36,33,,"[-50.0, 1.27, -1.27]",50000000,346386000,10000000,1
36,33,,"[-50.0, -1.27, 1.27]",50000000,346386000,10000000,1
36,33,,"[50.0, -1.27, 1.27]",50000000,346386000,10000000,1
36,33,,"[50.0, 1.27, 1.27]",50000000,346386000,10000000,1
36,33,,"[-50.0, 1.27, 1.27]",50000000,346386000,10000000,1
41,17,,"[-50.0, -1.27, -1.27]",50000000,356088000,10000000,1
41,17,,"[50.0, -1.27, -1.27]",50000000,356088000,10000000,1
41,17,,"[50.0, 1.27, -1.27]",50000000,356088000,10000000,1
41,17,,"[-50.0, 1.27, -1.27]",50000000,356088000,10000000,1
41,17,,"[-50.0, -1.27, 1.27]",50000000,356088000,10000000,1
41,17,,"[50.0, -1.27, 1.27]",50000000,356088000,10000000,1
41,17,,"[50.0, 1.27, 1.27]",50000000,356088000,10000000,1
41,17,,"[-50.0, 1.27, 1.27]",50000000,356088000,10000000,1
25,-9,,"[-50.0, -1.27, -1.27]",50000000,541062000,10000000,1
25,-9,,"[50.0, -1.27, -1.27]",50000000,541062000,10000000,1
25,-9,,"[50.0, 1.27, -1.27]",50000000,541062000,10000000,1
25,-9,,"[-50.0, 1.27, -1.27]",50000000,541062000,10000000,1
25,-9,,"[-50.0, -1.27, 1.27]",50000000,541062000,10000000,1
25,-9,,"[50.0, -1.27, 1.27]",50000000,541062000,10000000,1
25,-9,,"[50.0, 1.27, 1.27]",50000000,541062000,10000000,1
25,-9,,"[-50.0, 1.27, 1.27]",50000000,541062000,10000000,1
46,45,,"[-50.0, -1.27, -1.27]",50000000,345462000,10000000,1
46,45,,"[50.0, -1.27, -1.27]",50000000,345462000,10000000,1
46,45,,"[50.0, 1.27, -1.27]",50000000,345462000,10000000,1
46,45,,"[-50.0, 1.27, -1.27]",50000000,345462000,10000000,1
46,45,,"[-50.0, -1.27, 1.27]",50000000,345462000,10000000,1
46,45,,"[50.0, -1.27, 1.27]",50000000,345462000,10000000,1
46,45,,"[50.0, 1.27, 1.27]",50000000,345462000,10000000,1
46,45,,"[-50.0, 1.27, 1.27]",50000000,345462000,10000000,1
5,-5,,"[-50.0, -1.27, -1.27]",200000000,524430000,10000000,1
5,-5,,"[50.0, -1.27, -1.27]",200000000,524430000,10000000,1
5,-5,,"[50.0, 1.27, -1.27]",200000000,524430000,10000000,1
5,-5,,"[-50.0, 1.27, -1.27]",200000000,524430000,10000000,1
5,-5,,"[-50.0, -1.27, 1.27]",200000000,524430000,10000000,1
5,-5,,"[50.0, -1.27, 1.27]",200000000,524430000,10000000,1
5,-5,,"[50.0, 1.27, 1.27]",200000000,524430000,10000000,1
5,-5,,"[-50.0, 1.27, 1.27]",200000000,524430000,10000000,1
27,41,,"[-50.0, -1.27, -1.27]",50000000,338532000,10000000,0
27,41,,"[50.0, -1.27, -1.27]",50000000,338532000,10000000,0
27,41,,"[50.0, 1.27, -1.27]",50000000,338532000,10000000,0
27,41,,"[-50.0, 1.27, -1.27]",50000000,338532000,10000000,0
27,41,,"[-50.0, -1.27, 1.27]",50000000,338532000,10000000,0
27,41,,"[50.0, -1.27, 1.27]",50000000,338532000,10000000,0
27,41,,"[50.0, 1.27, 1.27]",50000000,338532000,10000000,0
27,41,,"[-50.0, 1.27, 1.27]",50000000,338532000,10000000,0
-9,15,,"[-50.0, -1.27, -1.27]",760000000,531912000,10000000,1
-9,15,,"[50.0, -1.27, -1.27]",760000000,531912000,10000000,1
-9,15,,"[50.0, 1.27, -1.27]",760000000,531912000,10000000,1
-9,15,,"[-50.0, 1.27, -1.27]",760000000,531912000,10000000,1
-9,15,,"[-50.0, -1.27, 1.27]",760000000,531912000,10000000,1
-9,15,,"[50.0, -1.27, 1.27]",760000000,531912000,10000000,1
-9,15,,"[50.0, 1.27, 1.27]",760000000,531912000,10000000,1
-9,15,,"[-50.0, 1.27, 1.27]",760000000,531912000,10000000,1
50,4,,"[-50.0, -1.27, -1.27]",50000000,366252000,10000000,1
50,4,,"[50.0, -1.27, -1.27]",50000000,366252000,10000000,1
50,4,,"[50.0, 1.27, -1.27]",50000000,366252000,10000000,1
50,4,,"[-50.0, 1.27, -1.27]",50000000,366252000,10000000,1
50,4,,"[-50.0, -1.27, 1.27]",50000000,366252000,10000000,1
50,4,,"[50.0, -1.27, 1.27]",50000000,366252000,10000000,1
50,4,,"[50.0, 1.27, 1.27]",50000000,366252000,10000000,1
50,4,,"[-50.0, 1.27, 1.27]",50000000,366252000,10000000,1
6,34,,"[-50.0, -1.27, -1.27]",180000000,332064000,10000000,0
6,34,,"[50.0, -1.27, -1.27]",180000000,332064000,10000000,0
6,34,,"[50.0, 1.27, -1.27]",180000000,332064000,10000000,0
6,34,,"[-50.0, 1.27, -1.27]",180000000,332064000,10000000,0
6,34,,"[-50.0, -1.27, 1.27]",180000000,332064000,10000000,0
6,34,,"[50.0, -1.27, 1.27]",180000000,332064000,10000000,0
6,34,,"[50.0, 1.27, 1.27]",180000000,332064000,10000000,0
6,34,,"[-50.0, 1.27, 1.27]",180000000,332064000,10000000,0
41,34,,"[-50.0, -1.27, -1.27]",50000000,348234000,10000000,1
41,34,,"[50.0, -1.27, -1.27]",50000000,348234000,10000000,1
41,34,,"[50.0, 1.27, -1.27]",50000000,348234000,10000000,1
41,34,,"[-50.0, 1.27, -1.27]",50000000,348234000,10000000,1
41,34,,"[-50.0, -1.27, 1.27]",50000000,348234000,10000000,1
41,34,,"[50.0, -1.27, 1.27]",50000000,348234000,10000000,1
41,34,,"[50.0, 1.27, 1.27]",50000000,348234000,10000000,1
41,34,,"[-50.0, 1.27, 1.27]",50000000,348234000,10000000,1
41,38,,"[-50.0, -1.27, -1.27]",50000000,346386000,10000000,1
41,38,,"[50.0, -1.27, -1.27]",50000000,346386000,10000000,1
41,38,,"[50.0, 1.27, -1.27]",50000000,346386000,10000000,1
41,38,,"[-50.0, 1.27, -1.27]",50000000,346386000,10000000,1
41,38,,"[-50.0, -1.27, 1.27]",50000000,346386000,10000000,1
41,38,,"[50.0, -1.27, 1.27]",50000000,346386000,10000000,1
41,38,,"[50.0, 1.27, 1.27]",50000000,346386000,10000000,1
41,38,,"[-50.0, 1.27, 1.27]",50000000,346386000,10000000,1
13,49,,"[-50.0, -1.27, -1.27]",85000000,328368000,10000000,0
13,49,,"[50.0, -1.27, -1.27]",85000000,328368000,10000000,0
13,49,,"[50.0, 1.27, -1.27]",85000000,328368000,10000000,0
13,49,,"[-50.0, 1.27, -1.27]",85000000,328368000,10000000,0
13,49,,"[-50.0, -1.27, 1.27]",85000000,328368000,10000000,0
13,49,,"[50.0, -1.27, 1.27]",85000000,328368000,10000000,0
13,49,,"[50.0, 1.27, 1.27]",85000000,328368000,10000000,0
13,49,,"[-50.0, 1.27, 1.27]",85000000,328368000,10000000,0
-10,-11,,"[-50.0, -1.27, -1.27]",800000000,543462000,10000000,1
-10,-11,,"[50.0, -1.27, -1.27]",800000000,543462000,10000000,1
-10,-11,,"[50.0, 1.27, -1.27]",800000000,543462000,10000000,1
-10,-11,,"[-50.0, 1.27, -1.27]",800000000,543462000,10000000,1
-10,-11,,"[-50.0, -1.27, 1.27]",800000000,543462000,10000000,1
-10,-11,,"[50.0, -1.27, 1.27]",800000000,543462000,10000000,1
-10,-11,,"[50.0, 1.27, 1.27]",800000000,543462000,10000000,1
-10,-11,,"[-50.0, 1.27, 1.27]",800000000,543462000,10000000,1
17,38,,"[-50.0, -1.27, -1.27]",65000000,335298000,10000000,0
17,38,,"[50.0, -1.27, -1.27]",65000000,335298000,10000000,0
17,38,,"[50.0, 1.27, -1.27]",65000000,335298000,10000000,0
17,38,,"[-50.0, 1.27, -1.27]",65000000,335298000,10000000,0
17,38,,"[-50.0, -1.27, 1.27]",65000000,335298000,10000000,0
17,38,,"[50.0, -1.27, 1.27]",65000000,335298000,10000000,0
17,38,,"[50.0, 1.27, 1.27]",65000000,335298000,10000000,0
17,38,,"[-50.0, 1.27, 1.27]",65000000,335298000,10000000,0
12,23,,"[-50.0, -1.27, -1.27]",90000000,339918000,10000000,0
12,23,,"[50.0, -1.27, -1.27]",90000000,339918000,10000000,0
12,23,,"[50.0, 1.27, -1.27]",90000000,339918000,10000000,0
12,23,,"[-50.0, 1.27, -1.27]",90000000,339918000,10000000,0
12,23,,"[-50.0, -1.27, 1.27]",90000000,339918000,10000000,0
12,23,,"[50.0, -1.27, 1.27]",90000000,339918000,10000000,0
12,23,,"[50.0, 1.27, 1.27]",90000000,339918000,10000000,0
12,23,,"[-50.0, 1.27, 1.27]",90000000,339918000,10000000,0
40,36,,"[-50.0, -1.27, -1.27]",50000000,346848000,10000000,1
40,36,,"[50.0, -1.27, -1.27]",50000000,346848000,10000000,1
40,36,,"[50.0, 1.27, -1.27]",50000000,346848000,10000000,1
40,36,,"[-50.0, 1.27, -1.27]",50000000,346848000,10000000,1
40,36,,"[-50.0, -1.27, 1.27]",50000000,346848000,10000000,1
40,36,,"[50.0, -1.27, 1.27]",50000000,346848000,10000000,1
40,36,,"[50.0, 1.27, 1.27]",50000000,346848000,10000000,1
40,36,,"[-50.0, 1.27, 1.27]",50000000,346848000,10000000,1
-2,-6,,"[-50.0, -1.27, -1.27]",480000000,544848000,10000000,1
-2,-6,,"[50.0, -1.27, -1.27]",480000000,544848000,10000000,1
-2,-6,,"[50.0, 1.27, -1.27]",480000000,544848000,10000000,1
-2,-6,,"[-50.0, 1.27, -1.27]",480000000,544848000,10000000,1
-2,-6,,"[-50.0, -1.27, 1.27]",480000000,544848000,10000000,1
-2,-6,,"[50.0, -1.27, 1.27]",480000000,544848000,10000000,1
-2,-6,,"[50.0, 1.27, 1.27]",480000000,544848000,10000000,1
-2,-6,,"[-50.0, 1.27, 1.27]",480000000,544848000,10000000,1
-9,22,,"[-50.0, -1.27, -1.27]",760000000,528678000,10000000,1
-9,22,,"[50.0, -1.27, -1.27]",760000000,528678000,10000000,1
-9,22,,"[50.0, 1.27, -1.27]",760000000,528678000,10000000,1
-9,22,,"[-50.0, 1.27, -1.27]",760000000,528678000,10000000,1
-9,22,,"[-50.0, -1.27, 1.27]",760000000,528678000,10000000,1
-9,22,,"[50.0, -1.27, 1.27]",760000000,528678000,10000000,1
-9,22,,"[50.0, 1.27, 1.27]",760000000,528678000,10000000,1
-9,22,,"[-50.0, 1.27, 1.27]",760000000,528678000,10000000,1
9,18,,"[-50.0, -1.27, -1.27]",120000000,340842000,10000000,0
9,18,,"[50.0, -1.27, -1.27]",120000000,340842000,10000000,0
9,18,,"[50.0, 1.27, -1.27]",120000000,340842000,10000000,0
9,18,,"[-50.0, 1.27, -1.27]",120000000,340842000,10000000,0
9,18,,"[-50.0, -1.27, 1.27]",120000000,340842000,10000000,0
9,18,,"[50.0, -1.27, 1.27]",120000000,340842000,10000000,0
9,18,,"[50.0, 1.27, 1.27]",120000000,340842000,10000000,0
9,18,,"[-50.0, 1.27, 1.27]",120000000,340842000,10000000,0
15,-11,,"[-50.0, -1.27, -1.27]",75000000,535518000,10000000,1
15,-11,,"[50.0, -1.27, -1.27]",75000000,535518000,10000000,1
15,-11,,"[50.0, 1.27, -1.27]",75000000,535518000,10000000,1
15,-11,,"[-50.0, 1.27, -1.27]",75000000,535518000,10000000,1
15,-11,,"[-50.0, -1.27, 1.27]",75000000,535518000,10000000,1
15,-11,,"[50.0, -1.27, 1.27]",75000000,535518000,10000000,1
15,-11,,"[50.0, 1.27, 1.27]",75000000,535518000,10000000,1
15,-11,,"[-50.0, 1.27, 1.27]",75000000,535518000,10000000,1
17,41,,"[-50.0, -1.27, -1.27]",65000000,333912000,10000000,0
17,41,,"[50.0, -1.27, -1.27]",65000000,333912000,10000000,0
17,41,,"[50.0, 1.27, -1.27]",65000000,333912000,10000000,0
17,41,,"[-50.0, 1.27, -1.27]",65000000,333912000,10000000,0
17,41,,"[-50.0, -1.27, 1.27]",65000000,333912000,10000000,0
17,41,,"[50.0, -1.27, 1.27]",65000000,333912000,10000000,0
17,41,,"[50.0, 1.27, 1.27]",65000000,333912000,10000000,0
17,41,,"[-50.0, 1.27, 1.27]",65000000,333912000,10000000,0
-8,30,,"[-50.0, -1.27, -1.27]",720000000,525444000,10000000,1
-8,30,,"[50.0, -1.27, -1.27]",720000000,525444000,10000000,1
-8,30,,"[50.0, 1.27, -1.27]",720000000,525444000,10000000,1
-8,30,,"[-50.0, 1.27, -1.27]",720000000,525444000,10000000,1
-8,30,,"[-50.0, -1.27, 1.27]",720000000,525444000,10000000,1
-8,30,,"[50.0, -1.27, 1.27]",720000000,525444000,10000000,1
-8,30,,"[50.0, 1.27, 1.27]",720000000,525444000,10000000,1
-8,30,,"[-50.0, 1.27, 1.27]",720000000,525444000,10000000,1
0,34,,"[-50.0, -1.27, -1.27]",400000000,329292000,10000000,0
0,34,,"[50.0, -1.27, -1.27]",400000000,329292000,10000000,0
0,34,,"[50.0, 1.27, -1.27]",400000000,329292000,10000000,0
0,34,,"[-50.0, 1.27, -1.27]",400000000,329292000,10000000,0
0,34,,"[-50.0, -1.27, 1.27]",400000000,329292000,10000000,0
0,34,,"[50.0, -1.27, 1.27]",400000000,329292000,10000000,0
0,34,,"[50.0, 1.27, 1.27]",400000000,329292000,10000000,0
0,34,,"[-50.0, 1.27, 1.27]",400000000,329292000,10000000,0
13,17,,"[-50.0, -1.27, -1.27]",85000000,343152000,10000000,0
13,17,,"[50.0, -1.27, -1.27]",85000000,343152000,10000000,0
13,17,,"[50.0, 1.27, -1.27]",85000000,343152000,10000000,0
13,17,,"[-50.0, 1.27, -1.27]",85000000,343152000,10000000,0
13,17,,"[-50.0, -1.27, 1.27]",85000000,343152000,10000000,0
13,17,,"[50.0, -1.27, 1.27]",85000000,343152000,10000000,0
13,17,,"[50.0, 1.27, 1.27]",85000000,343152000,10000000,0
13,17,,"[-50.0, 1.27, 1.27]",85000000,343152000,10000000,0
9,-10,,"[-50.0, -1.27, -1.27]",120000000,530667000,10000000,1
9,-10,,"[50.0, -1.27, -1.27]",120000000,530667000,10000000,1
9,-10,,"[50.0, 1.27, -1.27]",120000000,530667000,10000000,1
9,-10,,"[-50.0, 1.27, -1.27]",120000000,530667000,10000000,1
9,-10,,"[-50.0, -1.27, 1.27]",120000000,530667000,10000000,1
9,-10,,"[50.0, -1.27, 1.27]",120000000,530667000,10000000,1
9,-10,,"[50.0, 1.27, 1.27]",120000000,530667000,10000000,1
9,-10,,"[-50.0, 1.27, 1.27]",120000000,530667000,10000000,1
20,-11,,"[-50.0, -1.27, -1.27]",50000000,538983000,10000000,1
20,-11,,"[50.0, -1.27, -1.27]",50000000,538983000,10000000,1
20,-11,,"[50.0, 1.27, -1.27]",50000000,538983000,10000000,1
20,-11,,"[-50.0, 1.27, -1.27]",50000000,538983000,10000000,1
20,-11,,"[-50.0, -1.27, 1.27]",50000000,538983000,10000000,1
20,-11,,"[50.0, -1.27, 1.27]",50000000,538983000,10000000,1
20,-11,,"[50.0, 1.27, 1.27]",50000000,538983000,10000000,1
20,-11,,"[-50.0, 1.27, 1.27]",50000000,538983000,10000000,1
7,35,,"[-50.0, -1.27, -1.27]",160000000,332064000,10000000,0
7,35,,"[50.0, -1.27, -1.27]",160000000,332064000,10000000,0
7,35,,"[50.0, 1.27, -1.27]",160000000,332064000,10000000,0
7,35,,"[-50.0, 1.27, -1.27]",160000000,332064000,10000000,0
7,35,,"[-50.0, -1.27, 1.27]",160000000,332064000,10000000,0
7,35,,"[50.0, -1.27, 1.27]",160000000,332064000,10000000,0
7,35,,"[50.0, 1.27, 1.27]",160000000,332064000,10000000,0
7,35,,"[-50.0, 1.27, 1.27]",160000000,332064000,10000000,0
15,33,,"[-50.0, -1.27, -1.27]",75000000,336684000,10000000,0
15,33,,"[50.0, -1.27, -1.27]",75000000,336684000,10000000,0
15,33,,"[50.0, 1.27, -1.27]",75000000,336684000,10000000,0
15,33,,"[-50.0, 1.27, -1.27]",75000000,336684000,10000000,0
15,33,,"[-50.0, -1.27, 1.27]",75000000,336684000,10000000,0
15,33,,"[50.0, -1.27, 1.27]",75000000,336684000,10000000,0
15,33,,"[50.0, 1.27, 1.27]",75000000,336684000,10000000,0
15,33,,"[-50.0, 1.27, 1.27]",75000000,336684000,10000000,0
3,10,,"[-50.0, -1.27, -1.27]",280000000,341766000,10000000,0
3,10,,"[50.0, -1.27, -1.27]",280000000,341766000,10000000,0
3,10,,"[50.0, 1.27, -1.27]",280000000,341766000,10000000,0
3,10,,"[-50.0, 1.27, -1.27]",280000000,341766000,10000000,0
3,10,,"[-50.0, -1.27, 1.27]",280000000,341766000,10000000,0
3,10,,"[50.0, -1.27, 1.27]",280000000,341766000,10000000,0
3,10,,"[50.0, 1.27, 1.27]",280000000,341766000,10000000,0
3,10,,"[-50.0, 1.27, 1.27]",280000000,341766000,10000000,0
36,23,,"[-50.0, -1.27, -1.27]",50000000,351006000,10000000,1
36,23,,"[50.0, -1.27, -1.27]",50000000,351006000,10000000,1
36,23,,"[50.0, 1.27, -1.27]",50000000,351006000,10000000,1
36,23,,"[-50.0, 1.27, -1.27]",50000000,351006000,10000000,1
36,23,,"[-50.0, -1.27, 1.27]",50000000,351006000,10000000,1
36,23,,"[50.0, -1.27, 1.27]",50000000,351006000,10000000,1
36,23,,"[50.0, 1.27, 1.27]",50000000,351006000,10000000,1
36,23,,"[-50.0, 1.27, 1.27]",50000000,351006000,10000000,1
18,40,,"[-50.0, -1.27, -1.27]",60000000,334836000,10000000,0
18,40,,"[50.0, -1.27, -1.27]",60000000,334836000,10000000,0
18,40,,"[50.0, 1.27, -1.27]",60000000,334836000,10000000,0
18,40,,"[-50.0, 1.27, -1.27]",60000000,334836000,10000000,0
18,40,,"[-50.0, -1.27, 1.27]",60000000,334836000,10000000,0
18,40,,"[50.0, -1.27, 1.27]",60000000,334836000,10000000,0
18,40,,"[50.0, 1.27, 1.27]",60000000,334836000,10000000,0
18,40,,"[-50.0, 1.27, 1.27]",60000000,334836000,10000000,0
3,45,,"[-50.0, -1.27, -1.27]",280000000,325596000,10000000,0
3,45,,"[50.0, -1.27, -1.27]",280000000,325596000,10000000,0
3,45,,"[50.0, 1.27, -1.27]",280000000,325596000,10000000,0
3,45,,"[-50.0, 1.27, -1.27]",280000000,325596000,10000000,0
3,45,,"[-50.0, -1.27, 1.27]",280000000,325596000,10000000,0
3,45,,"[50.0, -1.27, 1.27]",280000000,325596000,10000000,0
3,45,,"[50.0, 1.27, 1.27]",280000000,325596000,10000000,0
3,45,,"[-50.0, 1.27, 1.27]",280000000,325596000,10000000,0
1,32,,"[-50.0, -1.27, -1.27]",360000000,330678000,10000000,0
1,32,,"[50.0, -1.27, -1.27]",360000000,330678000,10000000,0
1,32,,"[50.0, 1.27, -1.27]",360000000,330678000,10000000,0
1,32,,"[-50.0, 1.27, -1.27]",360000000,330678000,10000000,0
1,32,,"[-50.0, -1.27, 1.27]",360000000,330678000,10000000,0
1,32,,"[50.0, -1.27, 1.27]",360000000,330678000,10000000,0
1,32,,"[50.0, 1.27, 1.27]",360000000,330678000,10000000,0
1,32,,"[-50.0, 1.27, 1.27]",360000000,330678000,10000000,0
46,8,,"[-50.0, -1.27, -1.27]",50000000,362556000,10000000,1
46,8,,"[50.0, -1.27, -1.27]",50000000,362556000,10000000,1
46,8,,"[50.0, 1.27, -1.27]",50000000,362556000,10000000,1
46,8,,"[-50.0, 1.27, -1.27]",50000000,362556000,10000000,1
46,8,,"[-50.0, -1.27, 1.27]",50000000,362556000,10000000,1
46,8,,"[50.0, -1.27, 1.27]",50000000,362556000,10000000,1
46,8,,"[50.0, 1.27, 1.27]",50000000,362556000,10000000,1
46,8,,"[-50.0, 1.27, 1.27]",50000000,362556000,10000000,1
0,19,,"[-50.0, -1.27, -1.27]",400000000,336222000,10000000,0
0,19,,"[50.0, -1.27, -1.27]",400000000,336222000,10000000,0
0,19,,"[50.0, 1.27, -1.27]",400000000,336222000,10000000,0
0,19,,"[-50.0, 1.27, -1.27]",400000000,336222000,10000000,0
0,19,,"[-50.0, -1.27, 1.27]",400000000,336222000,10000000,0
0,19,,"[50.0, -1.27, 1.27]",400000000,336222000,10000000,0
0,19,,"[50.0, 1.27, 1.27]",400000000,336222000,10000000,0
0,19,,"[-50.0, 1.27, 1.27]",400000000,336222000,10000000,0
13,-10,,"[-50.0, -1.27, -1.27]",85000000,533439000,10000000,1
13,-10,,"[50.0, -1.27, -1.27]",85000000,533439000,10000000,1
13,-10,,"[50.0, 1.27, -1.27]",85000000,533439000,10000000,1
13,-10,,"[-50.0, 1.27, -1.27]",85000000,533439000,10000000,1
13,-10,,"[-50.0, -1.27, 1.27]",85000000,533439000,10000000,1
13,-10,,"[50.0, -1.27, 1.27]",85000000,533439000,10000000,1
13,-10,,"[50.0, 1.27, 1.27]",85000000,533439000,10000000,1
13,-10,,"[-50.0, 1.27, 1.27]",85000000,533439000,10000000,1
20,1,,"[-50.0, -1.27, -1.27]",50000000,353778000,10000000,1
20,1,,"[50.0, -1.27, -1.27]",50000000,353778000,10000000,1
20,1,,"[50.0, 1.27, -1.27]",50000000,353778000,10000000,1
20,1,,"[-50.0, 1.27, -1.27]",50000000,353778000,10000000,1
20,1,,"[-50.0, -1.27, 1.27]",50000000,353778000,10000000,1
20,1,,"[50.0, -1.27, 1.27]",50000000,353778000,10000000,1
20,1,,"[50.0, 1.27, 1.27]",50000000,353778000,10000000,1
20,1,,"[-50.0, 1.27, 1.27]",50000000,353778000,10000000,1
-1,-8,,"[-50.0, -1.27, -1.27]",440000000,546234000,10000000,1
-1,-8,,"[50.0, -1.27, -1.27]",440000000,546234000,10000000,1
-1,-8,,"[50.0, 1.27, -1.27]",440000000,546234000,10000000,1
-1,-8,,"[-50.0, 1.27, -1.27]",440000000,546234000,10000000,1
-1,-8,,"[-50.0, -1.27, 1.27]",440000000,546234000,10000000,1
-1,-8,,"[50.0, -1.27, 1.27]",440000000,546234000,10000000,1
-1,-8,,"[50.0, 1.27, 1.27]",440000000,546234000,10000000,1
-1,-8,,"[-50.0, 1.27, 1.27]",440000000,546234000,10000000,1
-4,28,,"[-50.0, -1.27, -1.27]",560000000,528216000,10000000,1
-4,28,,"[50.0, -1.27, -1.27]",560000000,528216000,10000000,1
-4,28,,"[50.0, 1.27, -1.27]",560000000,528216000,10000000,1
-4,28,,"[-50.0, 1.27, -1.27]",560000000,528216000,10000000,1
-4,28,,"[-50.0, -1.27, 1.27]",560000000,528216000,10000000,1
-4,28,,"[50.0, -1.27, 1.27]",560000000,528216000,10000000,1
-4,28,,"[50.0, 1.27, 1.27]",560000000,528216000,10000000,1
-4,28,,"[-50.0, 1.27, 1.27]",560000000,528216000,10000000,1
41,-1,,"[-50.0, -1.27, -1.27]",50000000,546606000,10000000,1
41,-1,,"[50.0, -1.27, -1.27]",50000000,546606000,10000000,1
41,-1,,"[50.0, 1.27, -1.27]",50000000,546606000,10000000,1
41,-1,,"[-50.0, 1.27, -1.27]",50000000,546606000,10000000,1
41,-1,,"[-50.0, -1.27, 1.27]",50000000,546606000,10000000,1
41,-1,,"[50.0, -1.27, 1.27]",50000000,546606000,10000000,1
41,-1,,"[50.0, 1.27, 1.27]",50000000,546606000,10000000,1
41,-1,,"[-50.0, 1.27, 1.27]",50000000,546606000,10000000,1
9,18,,"[-50.0, -1.27, -1.27]",120000000,340842000,10000000,0
9,18,,"[50.0, -1.27, -1.27]",120000000,340842000,10000000,0
9,18,,"[50.0, 1.27, -1.27]",120000000,340842000,10000000,0
9,18,,"[-50.0, 1.27, -1.27]",120000000,340842000,10000000,0
9,18,,"[-50.0, -1.27, 1.27]",120000000,340842000,10000000,0
9,18,,"[50.0, -1.27, 1.27]",120000000,340842000,10000000,0
9,18,,"[50.0, 1.27, 1.27]",120000000,340842000,10000000,0
9,18,,"[-50.0, 1.27, 1.27]",120000000,340842000,10000000,0
5,-2,,"[-50.0, -1.27, -1.27]",200000000,522351000,10000000,1
5,-2,,"[50.0, -1.27, -1.27]",200000000,522351000,10000000,1
5,-2,,"[50.0, 1.27, -1.27]",200000000,522351000,10000000,1
5,-2,,"[-50.0, 1.27, -1.27]",200000000,522351000,10000000,1
5,-2,,"[-50.0, -1.27, 1.27]",200000000,522351000,10000000,1
5,-2,,"[50.0, -1.27, 1.27]",200000000,522351000,10000000,1
5,-2,,"[50.0, 1.27, 1.27]",200000000,522351000,10000000,1
5,-2,,"[-50.0, 1.27, 1.27]",200000000,522351000,10000000,1
29,2,,"[-50.0, -1.27, -1.27]",50000000,357474000,10000000,1
29,2,,"[50.0, -1.27, -1.27]",50000000,357474000,10000000,1
29,2,,"[50.0, 1.27, -1.27]",50000000,357474000,10000000,1
29,2,,"[-50.0, 1.27, -1.27]",50000000,357474000,10000000,1
29,2,,"[-50.0, -1.27, 1.27]",50000000,357474000,10000000,1
29,2,,"[50.0, -1.27, 1.27]",50000000,357474000,10000000,1
29,2,,"[50.0, 1.27, 1.27]",50000000,357474000,10000000,1
29,2,,"[-50.0, 1.27, 1.27]",50000000,357474000,10000000,1
